metric,t_stat,p_value,cohens_d
accuracy,1.0271051820261965,0.3624211573176616,0.4593354011732115
maoe,-1.9005623386688058,0.13015440383840868,-0.8499573166842971
